id_dweller,name,gender,level,status,id_special,id_outfit,id_weapon,id_pet,id_kinship,id_decease,id_room
1,"jerry murillo",m,8,0,158,NULL,NULL,NULL,NULL,NULL,59
2,"baker dorsey",f,4,1,159,NULL,NULL,NULL,NULL,4,NULL
3,"evie lamb",m,9,1,160,NULL,NULL,NULL,NULL,8,NULL
4,"luca tate",m,8,1,161,NULL,NULL,NULL,NULL,17,NULL
5,"siena kemp",m,5,0,162,NULL,NULL,NULL,NULL,NULL,7
6,"titus munoz",m,1,1,163,NULL,NULL,NULL,NULL,6,NULL
7,"finn fowler",f,10,0,164,NULL,NULL,NULL,NULL,NULL,4
8,"douglas conway",m,7,0,165,NULL,NULL,NULL,NULL,NULL,26
9,"jessica grant",m,3,1,166,NULL,NULL,NULL,NULL,10,NULL
10,"hattie mullins",f,7,0,167,NULL,NULL,NULL,NULL,NULL,14
11,"cade herring",m,9,0,168,NULL,NULL,NULL,NULL,NULL,35
12,"porter bender",m,9,1,169,NULL,NULL,NULL,NULL,5,NULL
13,"blake flowers",f,5,0,170,NULL,NULL,NULL,NULL,NULL,34
14,"calliope coffey",m,5,1,171,NULL,NULL,NULL,NULL,1,NULL
15,"fernanda salazar",m,1,1,172,NULL,NULL,NULL,NULL,7,NULL
16,"canaan rollins",f,6,0,173,NULL,NULL,NULL,NULL,NULL,17
17,"ayla griffin",f,3,0,174,NULL,NULL,NULL,NULL,NULL,5
18,"ruben romero",f,3,1,175,NULL,NULL,NULL,NULL,27,NULL
19,"drew avalos",f,6,1,176,NULL,NULL,NULL,NULL,11,NULL
20,"cataleya bailey",f,2,1,177,NULL,NULL,NULL,NULL,9,NULL
21,"heidi turner",m,8,0,178,NULL,NULL,NULL,NULL,NULL,68
22,"rylee schroeder",f,1,0,179,NULL,NULL,NULL,NULL,NULL,18
23,"hugh peck",m,1,1,180,NULL,NULL,NULL,NULL,47,NULL
24,"aiden lu",f,1,1,181,NULL,NULL,NULL,NULL,18,NULL
25,"cairo vo",f,2,0,182,NULL,NULL,NULL,NULL,NULL,11
26,"raina hopkins",f,4,0,183,NULL,NULL,NULL,NULL,NULL,33
27,"royalty hudson",f,8,1,184,NULL,NULL,NULL,NULL,14,NULL
28,"violeta marin",m,8,0,185,NULL,NULL,NULL,NULL,NULL,60
29,"maverick moss",m,4,1,186,NULL,NULL,NULL,NULL,35,NULL
30,"mara kelly",m,3,1,187,NULL,NULL,NULL,NULL,241,NULL
31,"aryan bowman",f,6,0,188,NULL,NULL,NULL,NULL,NULL,12
32,"khalid weeks",m,7,1,189,NULL,NULL,NULL,NULL,3,NULL
33,"paislee villanueva",f,5,0,190,NULL,NULL,NULL,NULL,NULL,5
34,"emelia richards",f,3,0,191,NULL,NULL,NULL,NULL,NULL,59
35,"alexis schroeder",f,7,1,192,NULL,NULL,NULL,NULL,2,NULL
36,"kashton holmes",m,3,0,193,NULL,NULL,NULL,NULL,NULL,22
37,"ariella conway",m,1,0,194,NULL,NULL,NULL,1,NULL,NULL
38,"scarlet howell",f,1,1,195,NULL,NULL,NULL,2,12,NULL
39,"dylan romero",f,1,1,196,NULL,NULL,NULL,3,48,NULL
40,"ruben jones",m,1,0,197,NULL,NULL,NULL,4,NULL,NULL
41,"colin day",m,1,0,198,NULL,NULL,NULL,5,NULL,NULL
42,"leia wright",f,1,1,199,NULL,NULL,NULL,6,67,NULL
43,"itzayana yates",m,1,0,200,NULL,NULL,NULL,7,NULL,NULL
44,"charlie mcfarland",m,1,0,201,NULL,NULL,NULL,8,NULL,NULL
45,"crew whitney",f,1,0,202,NULL,NULL,NULL,9,NULL,NULL
46,"madalynn orr",f,1,1,203,NULL,NULL,NULL,10,158,NULL
47,"ivory baxter",m,1,0,204,NULL,NULL,NULL,11,NULL,NULL
48,"paityn rice",m,1,0,205,NULL,NULL,NULL,12,NULL,NULL
49,"desmond cline",m,1,0,206,NULL,NULL,NULL,7,NULL,NULL
50,"amaia velasquez",m,1,0,207,NULL,NULL,NULL,13,NULL,NULL
51,"ellie benson",m,1,1,208,NULL,NULL,NULL,14,22,NULL
52,"sienna pruitt",m,7,0,209,NULL,NULL,NULL,NULL,NULL,26
53,"rowan mclean",f,6,0,210,NULL,NULL,NULL,NULL,NULL,75
54,"iliana rhodes",m,6,1,211,NULL,NULL,NULL,NULL,52,NULL
55,"logan roman",m,10,1,212,NULL,NULL,NULL,NULL,253,NULL
56,"ryan o’connell",f,6,1,213,NULL,NULL,NULL,NULL,13,NULL
57,"malakai myers",f,3,0,214,NULL,NULL,NULL,NULL,NULL,50
58,"remy vang",f,4,0,215,NULL,NULL,NULL,NULL,NULL,68
59,"renata goodman",f,1,0,216,NULL,NULL,NULL,NULL,NULL,19
60,"dylan ingram",m,3,0,217,NULL,NULL,NULL,NULL,NULL,25
61,"addilyn mccoy",f,3,1,218,NULL,NULL,NULL,NULL,42,NULL
62,"gwen henderson",m,8,0,219,NULL,NULL,NULL,NULL,NULL,55
63,"joaquin warner",m,3,0,220,NULL,NULL,NULL,NULL,NULL,14
64,"holden clayton",f,1,1,221,NULL,NULL,NULL,NULL,33,NULL
65,"hana yoder",f,2,0,222,NULL,NULL,NULL,NULL,NULL,63
66,"jamie nichols",f,5,0,223,NULL,NULL,NULL,NULL,NULL,11
67,"josie shelton",f,7,0,224,NULL,NULL,NULL,NULL,NULL,23
68,"sloane guerrero",f,6,1,225,NULL,NULL,NULL,NULL,46,NULL
69,"duncan durham",m,3,0,226,NULL,NULL,NULL,NULL,NULL,40
70,"grayson bauer",f,2,1,227,NULL,NULL,NULL,NULL,168,NULL
71,"meghan lee",f,9,0,228,NULL,NULL,NULL,NULL,NULL,31
72,"lucia kramer",m,1,0,229,NULL,NULL,NULL,NULL,NULL,52
73,"meredith burton",m,7,0,230,NULL,NULL,NULL,NULL,NULL,31
74,"evie berg",m,2,0,231,NULL,NULL,NULL,NULL,NULL,34
75,"roman roberts",f,3,0,232,NULL,NULL,NULL,NULL,NULL,3
76,"jefferson haynes",m,3,0,233,NULL,NULL,NULL,NULL,NULL,61
77,"charlee carter",f,3,0,234,NULL,NULL,NULL,NULL,NULL,3
78,"adele cline",m,1,0,235,NULL,NULL,NULL,NULL,NULL,33
79,"cairo west",f,6,0,236,NULL,NULL,NULL,NULL,NULL,14
80,"rhea conner",m,3,1,237,NULL,NULL,NULL,NULL,15,NULL
81,"joyce hicks",m,6,0,238,NULL,NULL,NULL,NULL,NULL,41
82,"amani solis",m,6,0,239,NULL,NULL,NULL,NULL,NULL,55
83,"zaria rocha",f,3,1,240,NULL,NULL,NULL,NULL,41,NULL
84,"castiel stevenson",m,6,1,241,NULL,NULL,NULL,NULL,34,NULL
85,"adalyn wilkins",m,4,0,242,NULL,NULL,NULL,NULL,NULL,69
86,"angela berry",m,10,0,243,NULL,NULL,NULL,NULL,NULL,49
87,"jackson olson",f,8,0,244,NULL,NULL,NULL,NULL,NULL,57
88,"jesse villegas",m,9,0,245,NULL,NULL,NULL,NULL,NULL,18
89,"kiaan sheppard",m,8,0,246,NULL,NULL,NULL,NULL,NULL,73
90,"lucas schaefer",m,8,1,247,NULL,NULL,NULL,NULL,20,NULL
91,"uriel conrad",f,5,0,248,NULL,NULL,NULL,NULL,NULL,51
92,"saul boyle",m,10,0,249,NULL,NULL,NULL,NULL,NULL,5
93,"kolton salinas",f,10,0,250,NULL,NULL,NULL,NULL,NULL,53
94,"leilani cannon",m,8,1,251,NULL,NULL,NULL,NULL,84,NULL
95,"keaton corona",f,4,1,252,NULL,NULL,NULL,NULL,21,NULL
96,"tru xiong",f,5,0,253,NULL,NULL,NULL,NULL,NULL,27
97,"warren griffin",m,4,0,254,NULL,NULL,NULL,NULL,NULL,70
98,"adaline richard",f,1,0,255,NULL,NULL,NULL,15,NULL,NULL
99,"marlowe lang",m,1,0,256,NULL,NULL,NULL,16,NULL,NULL
100,"kellen wiley",m,1,0,257,NULL,NULL,NULL,17,NULL,NULL
101,"hannah long",m,1,1,258,NULL,NULL,NULL,18,127,NULL
102,"jianna carpenter",f,1,0,259,NULL,NULL,NULL,19,NULL,NULL
103,"nikolas arias",m,1,0,260,NULL,NULL,NULL,20,NULL,NULL
104,"krew mckinney",f,1,0,261,NULL,NULL,NULL,21,NULL,NULL
105,"peyton watts",m,1,0,262,NULL,NULL,NULL,22,NULL,NULL
106,"garrett whitney",m,1,1,263,NULL,NULL,NULL,23,200,NULL
107,"belle mccall",f,1,0,264,NULL,NULL,NULL,24,NULL,NULL
108,"hugo stanley",m,1,0,265,NULL,NULL,NULL,25,NULL,NULL
109,"maurice truong",m,1,0,266,NULL,NULL,NULL,26,NULL,NULL
110,"leonel webb",f,1,0,267,NULL,NULL,NULL,27,NULL,NULL
111,"hakeem mckenzie",f,1,1,268,NULL,NULL,NULL,28,19,NULL
112,"joyce berry",m,1,1,269,NULL,NULL,NULL,29,206,NULL
113,"van cannon",f,1,0,270,NULL,NULL,NULL,30,NULL,NULL
114,"rebekah bradford",m,1,0,271,NULL,NULL,NULL,31,NULL,NULL
115,"emilia may",f,1,1,272,NULL,NULL,NULL,32,31,NULL
116,"faye cannon",f,1,1,273,NULL,NULL,NULL,33,26,NULL
117,"drake douglas",m,1,0,274,NULL,NULL,NULL,34,NULL,NULL
118,"evangeline vega",f,1,0,275,NULL,NULL,NULL,35,NULL,NULL
119,"zoya spence",m,1,0,276,NULL,NULL,NULL,36,NULL,NULL
120,"jianna manning",m,1,1,277,NULL,NULL,NULL,37,36,NULL
121,"angie davenport",m,1,0,278,NULL,NULL,NULL,38,NULL,NULL
122,"jasiah robbins",f,1,0,279,NULL,NULL,NULL,39,NULL,NULL
123,"alexandra nicholson",f,1,0,280,NULL,NULL,NULL,40,NULL,NULL
124,"cooper holloway",f,1,0,281,NULL,NULL,NULL,41,NULL,NULL
125,"johan schwartz",m,1,0,282,NULL,NULL,NULL,42,NULL,NULL
126,"damir griffith",m,1,0,283,NULL,NULL,NULL,43,NULL,NULL
127,"kali colon",f,1,0,284,NULL,NULL,NULL,44,NULL,NULL
128,"arya mosley",f,1,0,285,NULL,NULL,NULL,45,NULL,NULL
129,"rowan payne",m,10,1,286,NULL,NULL,NULL,NULL,23,NULL
130,"arlo woodard",f,2,1,287,NULL,NULL,NULL,NULL,51,NULL
131,"camila gibson",m,4,0,288,NULL,NULL,NULL,NULL,NULL,42
132,"jenna roberts",f,4,0,289,NULL,NULL,NULL,NULL,NULL,29
133,"noor camacho",m,4,0,290,NULL,NULL,NULL,NULL,NULL,16
134,"drew frederick",m,5,0,291,NULL,NULL,NULL,NULL,NULL,58
135,"zola quintero",f,6,1,292,NULL,NULL,NULL,NULL,64,NULL
136,"belen barajas",m,1,0,293,NULL,NULL,NULL,NULL,NULL,66
137,"tru hurley",f,5,1,294,NULL,NULL,NULL,NULL,160,NULL
138,"arielle bell",m,3,0,295,NULL,NULL,NULL,NULL,NULL,38
139,"zion roy",f,4,0,296,NULL,NULL,NULL,NULL,NULL,27
140,"meghan ingram",f,9,0,297,NULL,NULL,NULL,NULL,NULL,35
141,"quincy meadows",m,4,0,298,NULL,NULL,NULL,NULL,NULL,47
142,"bruce duke",f,3,0,299,NULL,NULL,NULL,NULL,NULL,65
143,"bria hogan",m,10,1,300,NULL,NULL,NULL,NULL,248,NULL
144,"sylas cantrell",f,1,1,301,NULL,NULL,NULL,NULL,90,NULL
145,"kaden jacobson",m,4,0,302,NULL,NULL,NULL,NULL,NULL,28
146,"stetson perez",m,4,0,303,NULL,NULL,NULL,NULL,NULL,68
147,"grant lyons",m,3,0,304,NULL,NULL,NULL,NULL,NULL,23
148,"robert mcintosh",f,4,0,305,NULL,NULL,NULL,NULL,NULL,54
149,"ahmad edwards",m,9,0,306,NULL,NULL,NULL,NULL,NULL,17
150,"gia hogan",f,10,1,307,NULL,NULL,NULL,NULL,88,NULL
151,"selena hayden",f,6,0,308,NULL,NULL,NULL,NULL,NULL,45
152,"drew gilmore",f,8,0,309,NULL,NULL,NULL,NULL,NULL,5
153,"ryker dawson",m,1,0,310,NULL,NULL,NULL,NULL,NULL,34
154,"darwin lewis",f,5,0,311,NULL,NULL,NULL,NULL,NULL,30
155,"oaklyn reilly",m,7,1,312,NULL,NULL,NULL,NULL,32,NULL
156,"brynlee jacobs",m,9,1,313,NULL,NULL,NULL,NULL,37,NULL
157,"giuliana wilcox",f,10,0,314,NULL,NULL,NULL,NULL,NULL,19
158,"winston marshall",f,9,1,315,NULL,NULL,NULL,NULL,203,NULL
159,"mathew robles",m,7,0,316,NULL,NULL,NULL,NULL,NULL,4
160,"emma ochoa",m,6,0,317,NULL,NULL,NULL,NULL,NULL,52
161,"angela lyons",f,7,0,318,NULL,NULL,NULL,NULL,NULL,17
162,"elianna gross",f,5,0,319,NULL,NULL,NULL,NULL,NULL,21
163,"julie walter",f,9,0,320,NULL,NULL,NULL,NULL,NULL,74
164,"eliza travis",f,9,0,321,NULL,NULL,NULL,NULL,NULL,72
165,"abby swanson",f,4,0,322,NULL,NULL,NULL,NULL,NULL,43
166,"reid campos",m,3,1,323,NULL,NULL,NULL,NULL,94,NULL
167,"dane wagner",f,7,1,324,NULL,NULL,NULL,NULL,16,NULL
168,"morgan maynard",f,6,0,325,NULL,NULL,NULL,NULL,NULL,52
169,"rose sawyer",m,10,1,326,NULL,NULL,NULL,NULL,128,NULL
170,"remy burton",f,7,1,327,NULL,NULL,NULL,NULL,39,NULL
171,"thaddeus vasquez",m,10,0,328,NULL,NULL,NULL,NULL,NULL,59
172,"boden williamson",m,2,1,329,NULL,NULL,NULL,NULL,60,NULL
173,"maci hancock",f,1,0,330,NULL,NULL,NULL,NULL,NULL,55
174,"phillip davenport",m,2,0,331,NULL,NULL,NULL,NULL,NULL,72
175,"aurelia hinton",f,4,0,332,NULL,NULL,NULL,NULL,NULL,34
176,"daxton dixon",m,10,0,333,NULL,NULL,NULL,NULL,NULL,75
177,"alaia cordova",f,1,1,334,NULL,NULL,NULL,46,53,NULL
178,"aubriella richard",f,1,0,335,NULL,NULL,NULL,47,NULL,NULL
179,"oaklyn guerra",f,1,0,336,NULL,NULL,NULL,48,NULL,NULL
180,"desmond dudley",m,1,0,337,NULL,NULL,NULL,49,NULL,NULL
181,"malcolm lee",m,1,1,338,NULL,NULL,NULL,50,49,NULL
182,"kassidy guevara",m,1,0,339,NULL,NULL,NULL,51,NULL,NULL
183,"keegan moran",f,1,0,340,NULL,NULL,NULL,52,NULL,NULL
184,"samara drake",m,1,0,341,NULL,NULL,NULL,53,NULL,NULL
185,"yehuda friedman",f,1,0,342,NULL,NULL,NULL,54,NULL,NULL
186,"jamir allison",f,1,1,343,NULL,NULL,NULL,55,124,NULL
187,"eliana huff",f,1,0,344,NULL,NULL,NULL,56,NULL,NULL
188,"bristol ingram",f,1,0,345,NULL,NULL,NULL,57,NULL,NULL
189,"seth mayer",m,1,1,346,NULL,NULL,NULL,58,30,NULL
190,"chloe patrick",f,1,0,347,NULL,NULL,NULL,59,NULL,NULL
191,"nellie powers",m,1,0,348,NULL,NULL,NULL,60,NULL,NULL
192,"lilah patrick",m,1,0,349,NULL,NULL,NULL,61,NULL,NULL
193,"grant pearson",f,1,0,350,NULL,NULL,NULL,62,NULL,NULL
194,"miracle greene",f,1,0,351,NULL,NULL,NULL,63,NULL,NULL
195,"braylon espinoza",f,1,0,352,NULL,NULL,NULL,64,NULL,NULL
196,"turner frazier",f,1,0,353,NULL,NULL,NULL,65,NULL,NULL
197,"jase yates",f,1,0,354,NULL,NULL,NULL,66,NULL,NULL
198,"brody mason",m,1,0,355,NULL,NULL,NULL,67,NULL,NULL
199,"dylan beard",f,1,0,356,NULL,NULL,NULL,68,NULL,NULL
200,"rhys farrell",f,1,1,357,NULL,NULL,NULL,69,247,NULL
201,"finley klein",m,1,0,358,NULL,NULL,NULL,70,NULL,NULL
202,"jaxxon hurst",f,1,0,359,NULL,NULL,NULL,71,NULL,NULL
203,"clementine clarke",m,1,0,360,NULL,NULL,NULL,72,NULL,NULL
204,"trinity bryan",f,1,0,361,NULL,NULL,NULL,73,NULL,NULL
205,"fallon lawrence",f,1,0,362,NULL,NULL,NULL,74,NULL,NULL
206,"harry gibson",f,1,0,363,NULL,NULL,NULL,75,NULL,NULL
207,"josephine strong",m,1,0,364,NULL,NULL,NULL,76,NULL,NULL
208,"ahmad rich",f,1,0,365,NULL,NULL,NULL,77,NULL,NULL
209,"melanie arroyo",m,1,0,366,NULL,NULL,NULL,78,NULL,NULL
210,"mercy parks",f,1,1,367,NULL,NULL,NULL,79,43,NULL
211,"brayden moses",f,10,0,368,NULL,NULL,NULL,NULL,NULL,12
212,"ivanna madden",f,9,0,369,NULL,NULL,NULL,NULL,NULL,39
213,"katie griffin",m,3,0,370,NULL,NULL,NULL,NULL,NULL,74
214,"bronson stevens",m,1,0,371,NULL,NULL,NULL,NULL,NULL,32
215,"astrid hart",f,4,0,372,NULL,NULL,NULL,NULL,NULL,42
216,"hadlee caldwell",f,6,0,373,NULL,NULL,NULL,NULL,NULL,54
217,"sonny combs",f,7,0,374,NULL,NULL,NULL,NULL,NULL,28
218,"bellamy person",m,1,0,375,NULL,NULL,NULL,NULL,NULL,42
219,"kaylie escobar",f,3,0,376,NULL,NULL,NULL,NULL,NULL,37
220,"alaina holt",m,8,1,377,NULL,NULL,NULL,NULL,28,NULL
221,"bowen stanton",m,7,0,378,NULL,NULL,NULL,NULL,NULL,75
222,"briar vega",f,1,0,379,NULL,NULL,NULL,NULL,NULL,44
223,"archie peterson",f,7,0,380,NULL,NULL,NULL,NULL,NULL,61
224,"remi whitaker",f,6,0,381,NULL,NULL,NULL,NULL,NULL,28
225,"santiago orozco",m,6,1,382,NULL,NULL,NULL,NULL,202,NULL
226,"london miranda",f,9,0,383,NULL,NULL,NULL,NULL,NULL,51
227,"finnley cano",f,3,0,384,NULL,NULL,NULL,NULL,NULL,8
228,"araceli ellis",m,10,1,385,NULL,NULL,NULL,NULL,162,NULL
229,"tessa clarke",m,1,0,386,NULL,NULL,NULL,NULL,NULL,26
230,"angie li",f,4,0,387,NULL,NULL,NULL,NULL,NULL,12
231,"thatcher mills",f,7,0,388,NULL,NULL,NULL,NULL,NULL,60
232,"jonah mccall",m,5,1,389,NULL,NULL,NULL,NULL,25,NULL
233,"adriana mcdonald",f,5,0,390,NULL,NULL,NULL,NULL,NULL,18
234,"bonnie harrington",m,9,0,391,NULL,NULL,NULL,NULL,NULL,48
235,"branson warren",m,3,0,392,NULL,NULL,NULL,NULL,NULL,52
236,"autumn archer",f,7,0,393,NULL,NULL,NULL,NULL,NULL,65
237,"alexander brandt",f,10,0,394,NULL,NULL,NULL,NULL,NULL,34
238,"kyle bullock",f,2,0,395,NULL,NULL,NULL,NULL,NULL,39
239,"legacy hammond",m,3,0,396,NULL,NULL,NULL,NULL,NULL,45
240,"serena gardner",m,3,1,397,NULL,NULL,NULL,NULL,24,NULL
241,"gwendolyn marshall",f,6,1,398,NULL,NULL,NULL,NULL,29,NULL
242,"emiliano nixon",m,7,1,399,NULL,NULL,NULL,NULL,121,NULL
243,"francisco dominguez",m,2,0,400,NULL,NULL,NULL,NULL,NULL,52
244,"georgia taylor",f,7,0,401,NULL,NULL,NULL,NULL,NULL,29
245,"sloan mcguire",f,9,0,402,NULL,NULL,NULL,NULL,NULL,45
246,"royce pennington",f,8,0,403,NULL,NULL,NULL,NULL,NULL,7
247,"leyla reyna",m,1,0,404,NULL,NULL,NULL,NULL,NULL,29
248,"kiara harrell",f,5,0,405,NULL,NULL,NULL,NULL,NULL,38
249,"kehlani larson",m,5,0,406,NULL,NULL,NULL,NULL,NULL,56
250,"leilany franklin",f,10,0,407,NULL,NULL,NULL,NULL,NULL,24
251,"carmelo o’brien",f,1,0,408,NULL,NULL,NULL,NULL,NULL,70
252,"jamari parks",m,3,1,409,NULL,NULL,NULL,NULL,54,NULL
253,"giselle ballard",f,7,0,410,NULL,NULL,NULL,NULL,NULL,56
254,"carmelo walker",m,4,0,411,NULL,NULL,NULL,NULL,NULL,28
255,"kaiser walter",f,1,0,412,NULL,NULL,NULL,80,NULL,NULL
256,"kiaan frederick",m,1,0,413,NULL,NULL,NULL,81,NULL,NULL
257,"cal decker",m,1,0,414,NULL,NULL,NULL,82,NULL,NULL
258,"travis york",f,1,1,415,NULL,NULL,NULL,83,66,NULL
259,"elsa cline",f,1,0,416,NULL,NULL,NULL,84,NULL,NULL
260,"celine clarke",f,1,0,417,NULL,NULL,NULL,85,NULL,NULL
261,"jaylah moon",m,1,0,418,NULL,NULL,NULL,86,NULL,NULL
262,"noah lu",m,1,1,419,NULL,NULL,NULL,87,133,NULL
263,"esme aguilar",f,1,0,420,NULL,NULL,NULL,88,NULL,NULL
264,"miles grimes",m,1,0,421,NULL,NULL,NULL,89,NULL,NULL
265,"gracie hudson",m,1,0,422,NULL,NULL,NULL,90,NULL,NULL
266,"miles schaefer",m,1,0,423,NULL,NULL,NULL,91,NULL,NULL
267,"kyng rasmussen",m,1,0,424,NULL,NULL,NULL,92,NULL,NULL
268,"heidi weber",m,1,1,425,NULL,NULL,NULL,93,92,NULL
269,"vihaan lara",m,1,0,426,NULL,NULL,NULL,94,NULL,NULL
270,"juliana fitzpatrick",f,1,0,427,NULL,NULL,NULL,95,NULL,NULL
271,"bryant villanueva",f,1,0,428,NULL,NULL,NULL,96,NULL,NULL
272,"luciana chen",m,1,0,429,NULL,NULL,NULL,97,NULL,NULL
273,"tadeo marin",m,1,1,430,NULL,NULL,NULL,NULL,165,NULL
274,"karter o’connell",f,8,0,431,NULL,NULL,NULL,NULL,NULL,24
275,"omari bond",f,1,1,432,NULL,NULL,NULL,NULL,167,NULL
276,"alani acosta",f,3,0,433,NULL,NULL,NULL,NULL,NULL,55
277,"riggs haynes",f,7,0,434,NULL,NULL,NULL,NULL,NULL,39
278,"dominik erickson",f,7,0,435,NULL,NULL,NULL,NULL,NULL,69
279,"esme singleton",f,9,1,436,NULL,NULL,NULL,NULL,38,NULL
280,"david jarvis",f,8,0,437,NULL,NULL,NULL,NULL,NULL,40
281,"emma choi",f,8,0,438,NULL,NULL,NULL,NULL,NULL,26
282,"gabriella daugherty",m,2,1,439,NULL,NULL,NULL,NULL,86,NULL
283,"sabrina dunn",f,6,0,440,NULL,NULL,NULL,NULL,NULL,51
284,"ariana kennedy",f,9,0,441,NULL,NULL,NULL,NULL,NULL,66
285,"arabella mahoney",f,7,0,442,NULL,NULL,NULL,NULL,NULL,47
286,"caspian shannon",f,10,0,443,NULL,NULL,NULL,NULL,NULL,57
287,"loretta case",m,2,0,444,NULL,NULL,NULL,NULL,NULL,75
288,"hunter le",m,7,0,445,NULL,NULL,NULL,NULL,NULL,3
289,"vada espinosa",m,8,0,446,NULL,NULL,NULL,NULL,NULL,21
290,"dante hobbs",m,10,0,447,NULL,NULL,NULL,NULL,NULL,21
291,"aidan lim",m,4,0,448,NULL,NULL,NULL,NULL,NULL,31
292,"roberto mckenzie",f,3,0,449,NULL,NULL,NULL,NULL,NULL,73
293,"zoe terry",f,5,0,450,NULL,NULL,NULL,NULL,NULL,10
294,"leona duran",m,5,0,451,NULL,NULL,NULL,NULL,NULL,43
295,"amias hunter",m,7,0,452,NULL,NULL,NULL,NULL,NULL,25
296,"zakai ali",f,2,0,453,NULL,NULL,NULL,NULL,NULL,36
297,"connor malone",m,3,0,454,NULL,NULL,NULL,NULL,NULL,70
298,"abner hamilton",f,3,1,455,NULL,NULL,NULL,NULL,65,NULL
299,"quinn vu",f,2,1,456,NULL,NULL,NULL,NULL,44,NULL
300,"justin juarez",f,2,1,457,NULL,NULL,NULL,NULL,45,NULL
301,"alexis mcconnell",m,4,0,458,NULL,NULL,NULL,NULL,NULL,36
302,"tommy atkins",f,4,0,459,NULL,NULL,NULL,NULL,NULL,71
303,"chandler munoz",m,8,0,460,NULL,NULL,NULL,NULL,NULL,27
304,"beatrice russell",f,4,0,461,NULL,NULL,NULL,NULL,NULL,46
305,"eliza chapman",m,1,0,462,NULL,NULL,NULL,NULL,NULL,9
306,"khalil bowen",m,1,1,463,NULL,NULL,NULL,NULL,205,NULL
307,"jared bruce",m,6,0,464,NULL,NULL,NULL,NULL,NULL,63
308,"alaia portillo",f,10,1,465,NULL,NULL,NULL,NULL,57,NULL
309,"jericho knight",m,3,0,466,NULL,NULL,NULL,NULL,NULL,24
310,"ivory benson",f,5,0,467,NULL,NULL,NULL,NULL,NULL,61
311,"valentina bridges",m,7,1,468,NULL,NULL,NULL,NULL,131,NULL
312,"paula huber",f,1,0,469,NULL,NULL,NULL,NULL,NULL,45
313,"garrett rosales",m,4,0,470,NULL,NULL,NULL,NULL,NULL,15
314,"maia khan",f,9,1,471,NULL,NULL,NULL,NULL,40,NULL
315,"amina mcdonald",f,7,0,472,NULL,NULL,NULL,NULL,NULL,63
316,"lyric gregory",m,9,0,473,NULL,NULL,NULL,NULL,NULL,50
317,"jimmy davenport",f,1,0,474,NULL,NULL,NULL,NULL,NULL,72
318,"katherine brooks",f,8,1,475,NULL,NULL,NULL,NULL,55,NULL
319,"ivy peterson",f,9,0,476,NULL,NULL,NULL,NULL,NULL,41
320,"ariah bowman",f,9,0,477,NULL,NULL,NULL,NULL,NULL,46
321,"jamie proctor",m,8,0,478,NULL,NULL,NULL,NULL,NULL,48
322,"ricardo kim",f,1,0,479,NULL,NULL,NULL,98,NULL,NULL
323,"alaia robertson",f,1,1,480,NULL,NULL,NULL,99,56,NULL
324,"jaxtyn sanders",f,1,0,481,NULL,NULL,NULL,100,NULL,NULL
325,"kaydence wiley",m,1,0,482,NULL,NULL,NULL,101,NULL,NULL
326,"axel ahmed",f,1,1,483,NULL,NULL,NULL,102,199,NULL
327,"dane truong",m,1,0,484,NULL,NULL,NULL,103,NULL,NULL
328,"vivienne rosas",f,1,0,485,NULL,NULL,NULL,104,NULL,NULL
329,"alayah rivera",f,1,0,486,NULL,NULL,NULL,105,NULL,NULL
330,"armani ross",f,1,1,487,NULL,NULL,NULL,106,166,NULL
331,"yusuf carroll",m,1,0,488,NULL,NULL,NULL,107,NULL,NULL
332,"aarav carlson",f,1,0,489,NULL,NULL,NULL,108,NULL,NULL
333,"simon gillespie",m,1,0,490,NULL,NULL,NULL,109,NULL,NULL
334,"morgan todd",f,1,0,491,NULL,NULL,NULL,110,NULL,NULL
335,"marie correa",m,1,0,492,NULL,NULL,NULL,111,NULL,NULL
336,"riley rowe",f,1,0,493,NULL,NULL,NULL,112,NULL,NULL
337,"sabrina beasley",m,1,0,494,NULL,NULL,NULL,113,NULL,NULL
338,"rivka combs",f,1,0,495,NULL,NULL,NULL,114,NULL,NULL
339,"kaylie o’connor",m,1,1,496,NULL,NULL,NULL,115,85,NULL
340,"cillian woodward",m,1,0,497,NULL,NULL,NULL,116,NULL,NULL
341,"journi blackwell",f,1,0,498,NULL,NULL,NULL,117,NULL,NULL
342,"avi roth",m,9,0,499,NULL,NULL,NULL,NULL,NULL,61
343,"jaylin massey",m,1,0,500,NULL,NULL,NULL,NULL,NULL,16
344,"dax pittman",f,1,0,501,NULL,NULL,NULL,NULL,NULL,8
345,"mohamed cantrell",f,3,0,502,NULL,NULL,NULL,NULL,NULL,4
346,"braelynn ramirez",f,1,0,503,NULL,NULL,NULL,NULL,NULL,46
347,"ainsley davenport",f,2,0,504,NULL,NULL,NULL,NULL,NULL,13
348,"wyatt richards",f,10,1,505,NULL,NULL,NULL,NULL,59,NULL
349,"george mccann",m,2,1,506,NULL,NULL,NULL,NULL,125,NULL
350,"connor barton",m,1,0,507,NULL,NULL,NULL,NULL,NULL,10
351,"lochlan mayo",f,9,0,508,NULL,NULL,NULL,NULL,NULL,75
352,"mack stevens",f,10,0,509,NULL,NULL,NULL,NULL,NULL,49
353,"desmond rush",f,2,1,510,NULL,NULL,NULL,NULL,245,NULL
354,"adam buchanan",m,5,0,511,NULL,NULL,NULL,NULL,NULL,66
355,"hassan romero",m,1,0,512,NULL,NULL,NULL,NULL,NULL,15
356,"knox mccullough",f,2,0,513,NULL,NULL,NULL,NULL,NULL,69
357,"milana marquez",m,4,0,514,NULL,NULL,NULL,NULL,NULL,49
358,"jocelyn bishop",m,6,0,515,NULL,NULL,NULL,NULL,NULL,51
359,"nadia robinson",m,10,0,516,NULL,NULL,NULL,NULL,NULL,9
360,"kinslee stein",f,10,0,517,NULL,NULL,NULL,NULL,NULL,40
361,"veronica davidson",f,9,1,518,NULL,NULL,NULL,NULL,58,NULL
362,"israel stuart",m,3,0,519,NULL,NULL,NULL,NULL,NULL,44
363,"casen bowen",f,9,0,520,NULL,NULL,NULL,NULL,NULL,41
364,"robin cox",m,1,1,521,NULL,NULL,NULL,NULL,61,NULL
365,"maliyah fuentes",f,3,0,522,NULL,NULL,NULL,NULL,NULL,46
366,"aries chase",f,10,0,523,NULL,NULL,NULL,NULL,NULL,71
367,"lilianna zamora",m,8,0,524,NULL,NULL,NULL,NULL,NULL,27
368,"marley peterson",m,6,1,525,NULL,NULL,NULL,NULL,63,NULL
369,"zander frank",f,4,0,526,NULL,NULL,NULL,NULL,NULL,49
370,"alex stein",m,7,0,527,NULL,NULL,NULL,NULL,NULL,21
371,"eleanor burgess",m,3,0,528,NULL,NULL,NULL,NULL,NULL,15
372,"natasha salas",m,1,0,529,NULL,NULL,NULL,NULL,NULL,13
373,"tyson parrish",m,1,0,530,NULL,NULL,NULL,NULL,NULL,50
374,"frankie edwards",m,8,1,531,NULL,NULL,NULL,NULL,50,NULL
375,"ariya green",m,9,0,532,NULL,NULL,NULL,NULL,NULL,21
376,"aron hood",m,3,0,533,NULL,NULL,NULL,NULL,NULL,64
377,"annalise williamson",m,2,0,534,NULL,NULL,NULL,NULL,NULL,74
378,"shepard schroeder",m,8,1,535,NULL,NULL,NULL,NULL,91,NULL
379,"damon pope",m,2,0,536,NULL,NULL,NULL,NULL,NULL,6
380,"kenna case",m,4,0,537,NULL,NULL,NULL,NULL,NULL,44
381,"malachi lozano",m,7,0,538,NULL,NULL,NULL,NULL,NULL,64
382,"korbin ray",m,1,1,539,NULL,NULL,NULL,NULL,250,NULL
383,"russell hull",f,1,0,540,NULL,NULL,NULL,118,NULL,NULL
384,"kensley mitchell",f,1,0,541,NULL,NULL,NULL,119,NULL,NULL
385,"ana hernandez",m,1,0,542,NULL,NULL,NULL,120,NULL,NULL
386,"kaleb elliott",f,1,0,543,NULL,NULL,NULL,121,NULL,NULL
387,"blaine villalobos",m,1,0,544,NULL,NULL,NULL,122,NULL,NULL
388,"ruben solis",f,1,0,545,NULL,NULL,NULL,123,NULL,NULL
389,"ayden robertson",m,1,0,546,NULL,NULL,NULL,124,NULL,NULL
390,"alaiya watkins",f,1,0,547,NULL,NULL,NULL,125,NULL,NULL
391,"palmer wong",f,1,0,548,NULL,NULL,NULL,126,NULL,NULL
392,"kaiden beasley",f,1,1,549,NULL,NULL,NULL,127,201,NULL
393,"muhammad crosby",m,1,0,550,NULL,NULL,NULL,128,NULL,NULL
394,"ahmed page",f,1,0,551,NULL,NULL,NULL,129,NULL,NULL
395,"zelda beasley",f,1,0,552,NULL,NULL,NULL,130,NULL,NULL
396,"reese hicks",m,1,1,553,NULL,NULL,NULL,131,169,NULL
397,"sariyah collins",f,1,0,554,NULL,NULL,NULL,132,NULL,NULL
398,"edward barr",m,1,0,555,NULL,NULL,NULL,133,NULL,NULL
399,"nolan stark",f,1,0,556,NULL,NULL,NULL,134,NULL,NULL
400,"leia ball",f,1,1,557,NULL,NULL,NULL,135,62,NULL
401,"dorothy horne",f,1,0,558,NULL,NULL,NULL,136,NULL,NULL
402,"dani hunt",m,1,0,559,NULL,NULL,NULL,137,NULL,NULL
403,"jovie orozco",f,1,0,560,NULL,NULL,NULL,138,NULL,NULL
404,"malakai wise",f,1,0,561,NULL,NULL,NULL,139,NULL,NULL
405,"jose noble",m,8,0,562,NULL,NULL,NULL,NULL,NULL,40
406,"ismael spence",m,3,0,563,NULL,NULL,NULL,NULL,NULL,62
407,"ainhoa peterson",f,6,1,564,NULL,NULL,NULL,NULL,244,NULL
408,"novah juarez",m,6,1,565,NULL,NULL,NULL,NULL,68,NULL
409,"london cameron",m,2,0,566,NULL,NULL,NULL,NULL,NULL,60
410,"nelson delacruz",f,4,0,567,NULL,NULL,NULL,NULL,NULL,64
411,"casey wood",f,2,0,568,NULL,NULL,NULL,NULL,NULL,62
412,"weston wade",m,9,1,569,NULL,NULL,NULL,NULL,161,NULL
413,"aubrey farmer",f,7,1,570,NULL,NULL,NULL,NULL,93,NULL
414,"novalee sanders",f,3,1,571,NULL,NULL,NULL,NULL,126,NULL
415,"tyson reilly",m,9,0,572,NULL,NULL,NULL,NULL,NULL,9
416,"amayah richard",m,5,0,573,NULL,NULL,NULL,NULL,NULL,62
417,"marley cherry",f,8,0,574,NULL,NULL,NULL,NULL,NULL,6
418,"fiona hanna",m,9,0,575,NULL,NULL,NULL,NULL,NULL,13
419,"aubrie bernal",f,6,0,576,NULL,NULL,NULL,NULL,NULL,6
420,"jayce robles",m,6,1,577,NULL,NULL,NULL,NULL,134,NULL
421,"noel sellers",m,2,0,578,NULL,NULL,NULL,NULL,NULL,13
422,"oaklee kelley",m,4,0,579,NULL,NULL,NULL,NULL,NULL,13
423,"desmond horn",m,9,0,580,NULL,NULL,NULL,NULL,NULL,13
424,"cullen herman",f,6,1,581,NULL,NULL,NULL,NULL,170,NULL
425,"taylor ibarra",f,9,1,582,NULL,NULL,NULL,NULL,254,NULL
426,"chandler miles",f,10,1,583,NULL,NULL,NULL,NULL,83,NULL
427,"desmond roach",m,6,1,584,NULL,NULL,NULL,NULL,69,NULL
428,"remi mckenzie",f,3,1,585,NULL,NULL,NULL,NULL,76,NULL
429,"deandre lim",f,1,1,586,NULL,NULL,NULL,NULL,116,NULL
430,"oaklyn russell",f,10,1,587,NULL,NULL,NULL,NULL,70,NULL
431,"sunny paul",m,10,1,588,NULL,NULL,NULL,NULL,194,NULL
432,"harlan marshall",f,1,1,589,NULL,NULL,NULL,NULL,71,NULL
433,"zahir walton",m,8,1,590,NULL,NULL,NULL,NULL,82,NULL
434,"aden mcmillan",f,2,1,591,NULL,NULL,NULL,NULL,72,NULL
435,"victor olsen",f,2,1,592,NULL,NULL,NULL,NULL,78,NULL
436,"lydia franklin",f,8,1,593,NULL,NULL,NULL,NULL,95,NULL
437,"meadow chambers",m,3,1,594,NULL,NULL,NULL,NULL,286,NULL
438,"stefan harding",m,5,1,595,NULL,NULL,NULL,NULL,135,NULL
439,"aila wilkerson",f,4,1,596,NULL,NULL,NULL,NULL,80,NULL
440,"leanna medrano",m,5,1,597,NULL,NULL,NULL,NULL,96,NULL
441,"cairo price",f,7,1,598,NULL,NULL,NULL,NULL,73,NULL
442,"kalani porter",m,4,1,599,NULL,NULL,NULL,NULL,79,NULL
443,"jaylee morales",m,4,1,600,NULL,NULL,NULL,NULL,74,NULL
444,"cedric beil",f,1,1,601,NULL,NULL,NULL,NULL,77,NULL
445,"milani rogers",m,2,1,602,NULL,NULL,NULL,NULL,75,NULL
446,"nicholas david",m,6,1,603,NULL,NULL,NULL,NULL,171,NULL
447,"wyatt lamb",f,9,1,604,NULL,NULL,NULL,NULL,81,NULL
448,"axl leal",f,1,0,605,NULL,NULL,NULL,140,NULL,NULL
449,"melvin ball",m,1,0,606,NULL,NULL,NULL,141,NULL,NULL
450,"duncan garner",m,1,0,607,NULL,NULL,NULL,142,NULL,NULL
451,"connor paul",f,1,0,608,NULL,NULL,NULL,143,NULL,NULL
452,"shane cherry",m,1,0,609,NULL,NULL,NULL,144,NULL,NULL
453,"jaxen clay",m,1,0,610,NULL,NULL,NULL,145,NULL,NULL
454,"sawyer mayer",m,1,0,611,NULL,NULL,NULL,146,NULL,NULL
455,"jolene winters",f,1,0,612,NULL,NULL,NULL,147,NULL,NULL
456,"annika odom",f,1,0,613,NULL,NULL,NULL,148,NULL,NULL
457,"artemis joseph",f,1,0,614,NULL,NULL,NULL,149,NULL,NULL
458,"callen estes",m,1,0,615,NULL,NULL,NULL,150,NULL,NULL
459,"alaia daniel",f,1,0,616,NULL,NULL,NULL,151,NULL,NULL
460,"jacqueline allen",f,1,0,617,NULL,NULL,NULL,152,NULL,NULL
461,"kody fuller",m,1,0,618,NULL,NULL,NULL,153,NULL,NULL
462,"sloan lugo",m,1,0,619,NULL,NULL,NULL,154,NULL,NULL
463,"anakin schneider",f,1,0,620,NULL,NULL,NULL,155,NULL,NULL
464,"sonny lim",m,1,1,621,NULL,NULL,NULL,156,89,NULL
465,"emmanuel mccann",f,1,0,622,NULL,NULL,NULL,157,NULL,NULL
466,"josiah larson",f,1,0,623,NULL,NULL,NULL,158,NULL,NULL
467,"abdullah beil",m,1,0,624,NULL,NULL,NULL,159,NULL,NULL
468,"lana raymond",m,1,0,625,NULL,NULL,NULL,160,NULL,NULL
469,"evan ho",f,1,0,626,NULL,NULL,NULL,161,NULL,NULL
470,"ivanna robertson",f,1,0,627,NULL,NULL,NULL,162,NULL,NULL
471,"cadence marsh",f,1,0,628,NULL,NULL,NULL,163,NULL,NULL
472,"andi sharp",m,1,0,629,NULL,NULL,NULL,164,NULL,NULL
473,"winnie atkins",m,1,1,630,NULL,NULL,NULL,165,240,NULL
474,"ronin sanders",f,1,1,631,NULL,NULL,NULL,166,159,NULL
475,"diego clarke",f,1,0,632,NULL,NULL,NULL,167,NULL,NULL
476,"khari ramos",m,1,0,633,NULL,NULL,NULL,168,NULL,NULL
477,"jane wood",m,10,1,634,NULL,NULL,NULL,NULL,136,NULL
478,"brady leonard",m,1,1,635,NULL,NULL,NULL,NULL,232,NULL
479,"edison proctor",f,10,1,636,NULL,NULL,NULL,NULL,195,NULL
480,"makenzie griffith",f,4,1,637,NULL,NULL,NULL,NULL,108,NULL
481,"gustavo wilkinson",m,8,1,638,NULL,NULL,NULL,NULL,137,NULL
482,"artemis harvey",f,4,1,639,NULL,NULL,NULL,NULL,109,NULL
483,"dallas espinosa",f,10,1,640,NULL,NULL,NULL,NULL,154,NULL
484,"novah hood",f,1,1,641,NULL,NULL,NULL,NULL,172,NULL
485,"colby small",m,9,1,642,NULL,NULL,NULL,NULL,97,NULL
486,"ari orr",m,4,1,643,NULL,NULL,NULL,NULL,138,NULL
487,"faith valenzuela",f,2,1,644,NULL,NULL,NULL,NULL,98,NULL
488,"armani cortez",m,6,1,645,NULL,NULL,NULL,NULL,110,NULL
489,"kareem blackwell",m,2,1,646,NULL,NULL,NULL,NULL,99,NULL
490,"graham castro",f,8,1,647,NULL,NULL,NULL,NULL,118,NULL
491,"baylor fernandez",m,2,1,648,NULL,NULL,NULL,NULL,188,NULL
492,"john brady",f,2,1,649,NULL,NULL,NULL,NULL,87,NULL
493,"giavanna davila",m,8,1,650,NULL,NULL,NULL,NULL,111,NULL
494,"harley cunningham",m,10,1,651,NULL,NULL,NULL,NULL,112,NULL
495,"kobe hoffman",f,1,1,652,NULL,NULL,NULL,NULL,139,NULL
496,"castiel figueroa",f,6,1,653,NULL,NULL,NULL,NULL,115,NULL
497,"catalina medina",m,4,1,654,NULL,NULL,NULL,NULL,100,NULL
498,"june rich",f,10,1,655,NULL,NULL,NULL,NULL,173,NULL
499,"mina hendricks",f,8,1,656,NULL,NULL,NULL,NULL,117,NULL
500,"royal cabrera",f,10,1,657,NULL,NULL,NULL,NULL,140,NULL
501,"gracelyn hampton",f,8,1,658,NULL,NULL,NULL,NULL,279,NULL
502,"eric massey",m,10,1,659,NULL,NULL,NULL,NULL,101,NULL
503,"emery doyle",f,2,1,660,NULL,NULL,NULL,NULL,107,NULL
504,"nova kaur",f,7,1,661,NULL,NULL,NULL,NULL,102,NULL
505,"adalyn mckee",f,4,1,662,NULL,NULL,NULL,NULL,106,NULL
506,"julia proctor",f,4,1,663,NULL,NULL,NULL,NULL,113,NULL
507,"holden adkins",f,7,1,664,NULL,NULL,NULL,NULL,114,NULL
508,"amoura white",f,1,1,665,NULL,NULL,NULL,NULL,103,NULL
509,"tomas jefferson",m,6,1,666,NULL,NULL,NULL,NULL,174,NULL
510,"ezra koch",m,6,1,667,NULL,NULL,NULL,NULL,104,NULL
511,"skyler norris",f,1,1,668,NULL,NULL,NULL,NULL,119,NULL
512,"eithan wood",f,8,1,669,NULL,NULL,NULL,NULL,105,NULL
513,"marceline contreras",m,1,0,670,NULL,NULL,NULL,169,NULL,NULL
514,"reece griffin",m,1,1,671,NULL,NULL,NULL,170,130,NULL
515,"amaris rose",m,1,0,672,NULL,NULL,NULL,171,NULL,NULL
516,"joel stephens",m,1,0,673,NULL,NULL,NULL,172,NULL,NULL
517,"yamileth harmon",m,1,0,674,NULL,NULL,NULL,173,NULL,NULL
518,"brynn malone",f,1,0,675,NULL,NULL,NULL,174,NULL,NULL
519,"anahi herman",f,1,1,676,NULL,NULL,NULL,175,163,NULL
520,"delilah zamora",m,1,0,677,NULL,NULL,NULL,176,NULL,NULL
521,"ensley chang",f,1,0,678,NULL,NULL,NULL,177,NULL,NULL
522,"gunnar padilla",f,1,0,679,NULL,NULL,NULL,178,NULL,NULL
523,"kendra rangel",f,1,0,680,NULL,NULL,NULL,64,NULL,NULL
524,"halo stephens",m,1,0,681,NULL,NULL,NULL,179,NULL,NULL
525,"bryce lambert",m,1,0,682,NULL,NULL,NULL,180,NULL,NULL
526,"harmony wilkerson",f,1,0,683,NULL,NULL,NULL,181,NULL,NULL
527,"jesus ochoa",m,1,0,684,NULL,NULL,NULL,182,NULL,NULL
528,"jeremy padilla",f,1,0,685,NULL,NULL,NULL,183,NULL,NULL
529,"mariana strickland",f,1,0,686,NULL,NULL,NULL,184,NULL,NULL
530,"rosalia winters",m,1,1,687,NULL,NULL,NULL,185,164,NULL
531,"mckenzie vasquez",m,1,0,688,NULL,NULL,NULL,186,NULL,NULL
532,"rory trujillo",m,1,1,689,NULL,NULL,NULL,187,132,NULL
533,"eliana curtis",f,1,0,690,NULL,NULL,NULL,188,NULL,NULL
534,"gabriel ortega",f,1,0,691,NULL,NULL,NULL,189,NULL,NULL
535,"vihaan murray",f,1,0,692,NULL,NULL,NULL,190,NULL,NULL
536,"aubrey nielsen",m,1,0,693,NULL,NULL,NULL,191,NULL,NULL
537,"harold stone",f,1,1,694,NULL,NULL,NULL,192,243,NULL
538,"isla mayo",f,1,0,695,NULL,NULL,NULL,193,NULL,NULL
539,"isla pugh",m,1,0,696,NULL,NULL,NULL,194,NULL,NULL
540,"mariam gilbert",m,5,1,697,NULL,NULL,NULL,NULL,141,NULL
541,"holden woodward",f,3,1,698,NULL,NULL,NULL,NULL,155,NULL
542,"brayan ventura",m,2,1,699,NULL,NULL,NULL,NULL,156,NULL
543,"angelina moon",f,8,1,700,NULL,NULL,NULL,NULL,142,NULL
544,"josie pearson",m,2,1,701,NULL,NULL,NULL,NULL,151,NULL
545,"evelyn pineda",f,1,1,702,NULL,NULL,NULL,NULL,255,NULL
546,"jericho delgado",m,8,1,703,NULL,NULL,NULL,NULL,129,NULL
547,"atlas collins",f,5,1,704,NULL,NULL,NULL,NULL,149,NULL
548,"melani raymond",m,2,1,705,NULL,NULL,NULL,NULL,143,NULL
549,"sydney houston",m,1,1,706,NULL,NULL,NULL,NULL,175,NULL
550,"salem lu",f,7,1,707,NULL,NULL,NULL,NULL,120,NULL
551,"jovanni mcintosh",m,10,1,708,NULL,NULL,NULL,NULL,210,NULL
552,"keanu nash",m,1,1,709,NULL,NULL,NULL,NULL,176,NULL
553,"braxton benjamin",f,9,1,710,NULL,NULL,NULL,NULL,281,NULL
554,"adelynn richards",f,2,1,711,NULL,NULL,NULL,NULL,153,NULL
555,"ibrahim adams",m,8,1,712,NULL,NULL,NULL,NULL,144,NULL
556,"finley bonilla",m,10,1,713,NULL,NULL,NULL,NULL,211,NULL
557,"hudson fuentes",m,8,1,714,NULL,NULL,NULL,NULL,145,NULL
558,"alianna hanson",m,5,1,715,NULL,NULL,NULL,NULL,122,NULL
559,"dior jaramillo",m,1,1,716,NULL,NULL,NULL,NULL,150,NULL
560,"ariel frost",f,7,1,717,NULL,NULL,NULL,NULL,177,NULL
561,"caroline ventura",m,8,1,718,NULL,NULL,NULL,NULL,146,NULL
562,"hayley dudley",f,2,1,719,NULL,NULL,NULL,NULL,284,NULL
563,"camila macdonald",m,5,1,720,NULL,NULL,NULL,NULL,178,NULL
564,"cash hahn",f,2,1,721,NULL,NULL,NULL,NULL,147,NULL
565,"bailey rios",f,9,1,722,NULL,NULL,NULL,NULL,239,NULL
566,"wells conley",f,10,1,723,NULL,NULL,NULL,NULL,157,NULL
567,"kalel montgomery",m,10,1,724,NULL,NULL,NULL,NULL,187,NULL
568,"quentin walters",f,3,1,725,NULL,NULL,NULL,NULL,287,NULL
569,"judson morris",f,3,1,726,NULL,NULL,NULL,NULL,123,NULL
570,"mac haynes",m,1,1,727,NULL,NULL,NULL,NULL,152,NULL
571,"jaxson graham",m,10,1,728,NULL,NULL,NULL,NULL,148,NULL
572,"braylon kelly",f,6,1,729,NULL,NULL,NULL,NULL,236,NULL
573,"hank cordova",f,1,0,730,NULL,NULL,NULL,195,NULL,NULL
574,"tyler bradford",f,1,0,731,NULL,NULL,NULL,196,NULL,NULL
575,"colton hendricks",f,1,0,732,NULL,NULL,NULL,197,NULL,NULL
576,"brylee nielsen",f,1,0,733,NULL,NULL,NULL,198,NULL,NULL
577,"royalty diaz",f,1,0,734,NULL,NULL,NULL,199,NULL,NULL
578,"renata ray",f,1,0,735,NULL,NULL,NULL,200,NULL,NULL
579,"stevie meza",m,1,0,736,NULL,NULL,NULL,201,NULL,NULL
580,"justin rhodes",m,1,0,737,NULL,NULL,NULL,202,NULL,NULL
581,"demi ellis",m,1,0,738,NULL,NULL,NULL,203,NULL,NULL
582,"malani berry",m,1,0,739,NULL,NULL,NULL,204,NULL,NULL
583,"anna mccormick",f,1,0,740,NULL,NULL,NULL,205,NULL,NULL
584,"gerardo beltran",f,1,0,741,NULL,NULL,NULL,206,NULL,NULL
585,"edward haynes",m,1,0,742,NULL,NULL,NULL,207,NULL,NULL
586,"casey dominguez",m,1,0,743,NULL,NULL,NULL,208,NULL,NULL
587,"brody butler",f,1,0,744,NULL,NULL,NULL,209,NULL,NULL
588,"bentlee armstrong",m,1,0,745,NULL,NULL,NULL,210,NULL,NULL
589,"houston macias",m,1,0,746,NULL,NULL,NULL,211,NULL,NULL
590,"harmony snow",f,1,0,747,NULL,NULL,NULL,212,NULL,NULL
591,"hallie murillo",m,1,0,748,NULL,NULL,NULL,213,NULL,NULL
592,"mylah mckee",f,1,0,749,NULL,NULL,NULL,214,NULL,NULL
593,"sincere dickerson",m,1,0,750,NULL,NULL,NULL,215,NULL,NULL
594,"romeo hamilton",m,1,0,751,NULL,NULL,NULL,216,NULL,NULL
595,"trenton huber",f,1,0,752,NULL,NULL,NULL,217,NULL,NULL
596,"duncan delarosa",m,1,0,753,NULL,NULL,NULL,218,NULL,NULL
597,"oakley vincent",f,1,0,754,NULL,NULL,NULL,154,NULL,NULL
598,"knox beck",f,1,0,755,NULL,NULL,NULL,219,NULL,NULL
599,"lexi malone",m,1,0,756,NULL,NULL,NULL,220,NULL,NULL
600,"brynleigh walter",f,1,0,757,NULL,NULL,NULL,221,NULL,NULL
601,"natalia aguirre",f,1,0,758,NULL,NULL,NULL,222,NULL,NULL
602,"brianna lester",f,1,0,759,NULL,NULL,NULL,223,NULL,NULL
603,"hattie goodwin",m,1,0,760,NULL,NULL,NULL,224,NULL,NULL
604,"vance graves",m,2,1,761,NULL,NULL,NULL,NULL,212,NULL
605,"macie ware",f,8,1,762,NULL,NULL,NULL,NULL,208,NULL
606,"sutton stone",m,5,1,763,NULL,NULL,NULL,NULL,189,NULL
607,"bode mayer",f,1,1,764,NULL,NULL,NULL,NULL,179,NULL
608,"payton bonilla",f,9,1,765,NULL,NULL,NULL,NULL,238,NULL
609,"jemma poole",m,9,1,766,NULL,NULL,NULL,NULL,196,NULL
610,"rylan meyers",m,5,1,767,NULL,NULL,NULL,NULL,213,NULL
611,"preston finley",m,7,1,768,NULL,NULL,NULL,NULL,190,NULL
612,"maeve archer",m,10,1,769,NULL,NULL,NULL,NULL,180,NULL
613,"briggs houston",m,9,1,770,NULL,NULL,NULL,NULL,278,NULL
614,"lincoln franklin",m,10,1,771,NULL,NULL,NULL,NULL,181,NULL
615,"fernando montoya",f,4,1,772,NULL,NULL,NULL,NULL,288,NULL
616,"mira bowen",f,10,1,773,NULL,NULL,NULL,NULL,197,NULL
617,"rebecca terrell",m,1,1,774,NULL,NULL,NULL,NULL,214,NULL
618,"aliyah chang",f,3,1,775,NULL,NULL,NULL,NULL,182,NULL
619,"ella mack",f,7,1,776,NULL,NULL,NULL,NULL,204,NULL
620,"marianna york",m,3,1,777,NULL,NULL,NULL,NULL,246,NULL
621,"viviana ochoa",m,1,1,778,NULL,NULL,NULL,NULL,192,NULL
622,"veda barker",m,8,1,779,NULL,NULL,NULL,NULL,256,NULL
623,"elijah day",f,8,0,780,NULL,NULL,NULL,NULL,NULL,2
624,"jordan brown",f,2,1,781,NULL,NULL,NULL,NULL,257,NULL
625,"gunner blevins",m,8,0,782,NULL,NULL,NULL,NULL,NULL,2
626,"harvey hancock",f,9,1,783,NULL,NULL,NULL,NULL,183,NULL
627,"muhammad rangel",f,7,1,784,NULL,NULL,NULL,NULL,258,NULL
628,"brody mccoy",f,1,1,785,NULL,NULL,NULL,NULL,184,NULL
629,"deandre solomon",f,10,1,786,NULL,NULL,NULL,NULL,215,NULL
630,"kinsley barber",f,4,1,787,NULL,NULL,NULL,NULL,198,NULL
631,"colin ayers",f,2,1,788,NULL,NULL,NULL,NULL,193,NULL
632,"kalani arroyo",f,8,1,789,NULL,NULL,NULL,NULL,233,NULL
633,"savannah ortega",m,2,0,790,NULL,NULL,NULL,NULL,NULL,2
634,"presley washington",m,8,1,791,NULL,NULL,NULL,NULL,185,NULL
635,"simon hardin",f,2,1,792,NULL,NULL,NULL,NULL,216,NULL
636,"khalil mckenzie",f,7,1,793,NULL,NULL,NULL,NULL,191,NULL
637,"mikaela curtis",m,9,1,794,NULL,NULL,NULL,NULL,186,NULL
638,"juelz soto",f,7,1,795,NULL,NULL,NULL,NULL,259,NULL
639,"adler vance",f,1,0,796,NULL,NULL,NULL,225,NULL,NULL
640,"dustin gentry",m,1,0,797,NULL,NULL,NULL,226,NULL,NULL
641,"bradley nash",f,1,1,798,NULL,NULL,NULL,227,207,NULL
642,"avianna marin",m,1,0,799,NULL,NULL,NULL,228,NULL,NULL
643,"hayden salazar",m,1,0,800,NULL,NULL,NULL,229,NULL,NULL
644,"landry terrell",f,1,0,801,NULL,NULL,NULL,230,NULL,NULL
645,"alicia pratt",m,1,0,802,NULL,NULL,NULL,231,NULL,NULL
646,"charlotte esparza",f,1,0,803,NULL,NULL,NULL,232,NULL,NULL
647,"emani ramirez",f,1,0,804,NULL,NULL,NULL,233,NULL,NULL
648,"rhett underwood",f,1,0,805,NULL,NULL,NULL,234,NULL,NULL
649,"zachariah vaughan",m,1,0,806,NULL,NULL,NULL,235,NULL,NULL
650,"amelie underwood",f,1,0,807,NULL,NULL,NULL,236,NULL,NULL
651,"ryleigh colon",f,1,0,808,NULL,NULL,NULL,237,NULL,NULL
652,"aleah correa",m,1,0,809,NULL,NULL,NULL,238,NULL,NULL
653,"zander robertson",f,1,0,810,NULL,NULL,NULL,239,NULL,NULL
654,"jenna finley",m,1,0,811,NULL,NULL,NULL,240,NULL,NULL
655,"katherine lang",m,1,0,812,NULL,NULL,NULL,241,NULL,NULL
656,"vihaan love",f,1,0,813,NULL,NULL,NULL,242,NULL,NULL
657,"daxton gillespie",f,1,0,814,NULL,NULL,NULL,243,NULL,NULL
658,"annie malone",f,1,0,815,NULL,NULL,NULL,244,NULL,NULL
659,"malaysia white",m,1,0,816,NULL,NULL,NULL,245,NULL,NULL
660,"abram cunningham",f,1,0,817,NULL,NULL,NULL,246,NULL,NULL
661,"jaylen drake",f,1,0,818,NULL,NULL,NULL,247,NULL,NULL
662,"elijah preston",f,1,0,819,NULL,NULL,NULL,248,NULL,NULL
663,"bode kelly",f,1,0,820,NULL,NULL,NULL,249,NULL,NULL
664,"cristian underwood",f,1,0,821,NULL,NULL,NULL,250,NULL,NULL
665,"jolie fuentes",f,1,0,822,NULL,NULL,NULL,251,NULL,NULL
666,"zayn cuevas",m,1,0,823,NULL,NULL,NULL,252,NULL,NULL
667,"kaysen miranda",m,1,0,824,NULL,NULL,NULL,253,NULL,NULL
668,"audrey leonard",m,6,1,825,NULL,NULL,NULL,NULL,209,NULL
669,"bridget mills",m,8,1,826,NULL,NULL,NULL,NULL,217,NULL
670,"lexi burton",f,4,0,827,NULL,NULL,NULL,NULL,NULL,2
671,"ali higgins",m,4,1,828,NULL,NULL,NULL,NULL,231,NULL
672,"paxton chen",m,7,1,829,NULL,NULL,NULL,NULL,237,NULL
673,"brett gaines",m,3,1,830,NULL,NULL,NULL,NULL,218,NULL
674,"alianna norris",f,6,1,831,NULL,NULL,NULL,NULL,252,NULL
675,"stevie cummings",m,1,0,832,NULL,NULL,NULL,NULL,NULL,2
676,"joanna gutierrez",f,10,1,833,NULL,NULL,NULL,NULL,283,NULL
677,"luca bean",m,6,1,834,NULL,NULL,NULL,NULL,219,NULL
678,"hayden vasquez",m,5,1,835,NULL,NULL,NULL,NULL,234,NULL
679,"donald charles",f,4,1,836,NULL,NULL,NULL,NULL,235,NULL
680,"moshe maxwell",f,5,1,837,NULL,NULL,NULL,NULL,220,NULL
681,"natalia dyer",f,7,0,838,NULL,NULL,NULL,NULL,NULL,2
682,"grady daugherty",m,10,1,839,NULL,NULL,NULL,NULL,221,NULL
683,"alayna whitaker",m,4,1,840,NULL,NULL,NULL,NULL,282,NULL
684,"ramon ortega",f,6,1,841,NULL,NULL,NULL,NULL,249,NULL
685,"franklin harper",m,9,1,842,NULL,NULL,NULL,NULL,285,NULL
686,"elle knight",m,9,1,843,NULL,NULL,NULL,NULL,222,NULL
687,"aaron nash",f,6,1,844,NULL,NULL,NULL,NULL,280,NULL
688,"zander daniel",m,8,1,845,NULL,NULL,NULL,NULL,260,NULL
689,"catherine dawson",f,8,0,846,NULL,NULL,NULL,NULL,NULL,2
690,"nalani clayton",m,3,0,847,NULL,NULL,NULL,NULL,NULL,2
691,"lauren jordan",f,7,1,848,NULL,NULL,NULL,NULL,223,NULL
692,"cullen gillespie",f,2,1,849,NULL,NULL,NULL,NULL,261,NULL
693,"odin baker",m,1,0,850,NULL,NULL,NULL,NULL,NULL,2
694,"mccoy underwood",m,6,0,851,NULL,NULL,NULL,NULL,NULL,2
695,"dahlia mclaughlin",f,5,1,852,NULL,NULL,NULL,NULL,230,NULL
696,"piper pope",m,5,1,853,NULL,NULL,NULL,NULL,224,NULL
697,"aniyah weeks",m,3,1,854,NULL,NULL,NULL,NULL,229,NULL
698,"christina hoffman",f,5,1,855,NULL,NULL,NULL,NULL,225,NULL
699,"kalani patel",m,8,1,856,NULL,NULL,NULL,NULL,262,NULL
700,"bryce parks",f,9,0,857,NULL,NULL,NULL,NULL,NULL,2
701,"andres stevenson",f,4,1,858,NULL,NULL,NULL,NULL,226,NULL
702,"valery mcclure",f,2,0,859,NULL,NULL,NULL,NULL,NULL,2
703,"phillip brandt",f,6,1,860,NULL,NULL,NULL,NULL,227,NULL
704,"huxley mckenzie",m,1,1,861,NULL,NULL,NULL,NULL,263,NULL
705,"melody fowler",f,8,1,862,NULL,NULL,NULL,NULL,228,NULL
706,"felipe cabrera",m,10,0,863,NULL,NULL,NULL,NULL,NULL,2
707,"rowan baldwin",m,5,1,864,NULL,NULL,NULL,NULL,264,NULL
708,"elise hunt",m,1,0,865,NULL,NULL,NULL,254,NULL,NULL
709,"grayson arnold",f,1,0,866,NULL,NULL,NULL,255,NULL,NULL
710,"corey nixon",m,1,0,867,NULL,NULL,NULL,256,NULL,NULL
711,"aldo stevenson",f,1,0,868,NULL,NULL,NULL,257,NULL,NULL
712,"dustin sierra",m,1,0,869,NULL,NULL,NULL,258,NULL,NULL
713,"evelynn zimmerman",m,1,0,870,NULL,NULL,NULL,259,NULL,NULL
714,"stanley noble",m,1,0,871,NULL,NULL,NULL,260,NULL,NULL
715,"alana weber",m,1,0,872,NULL,NULL,NULL,261,NULL,NULL
716,"milan chavez",f,1,0,873,NULL,NULL,NULL,262,NULL,NULL
717,"stetson hernandez",m,1,0,874,NULL,NULL,NULL,263,NULL,NULL
718,"maurice sparks",f,1,0,875,NULL,NULL,NULL,264,NULL,NULL
719,"mccoy yang",m,1,0,876,NULL,NULL,NULL,265,NULL,NULL
720,"celine felix",m,1,0,877,NULL,NULL,NULL,266,NULL,NULL
721,"micah adkins",f,1,1,878,NULL,NULL,NULL,267,242,NULL
722,"flynn mann",m,1,0,879,NULL,NULL,NULL,268,NULL,NULL
723,"zuri lucas",f,1,0,880,NULL,NULL,NULL,269,NULL,NULL
724,"savanna wood",m,1,0,881,NULL,NULL,NULL,270,NULL,NULL
725,"aubrey arellano",f,1,0,882,NULL,NULL,NULL,271,NULL,NULL
726,"katelyn estes",m,1,0,883,NULL,NULL,NULL,272,NULL,NULL
727,"brixton horne",f,1,0,884,NULL,NULL,NULL,273,NULL,NULL
728,"fatima sullivan",f,1,0,885,NULL,NULL,NULL,274,NULL,NULL
729,"briar hoffman",f,1,0,886,NULL,NULL,NULL,275,NULL,NULL
730,"esteban morales",f,1,0,887,NULL,NULL,NULL,276,NULL,NULL
731,"leroy fields",m,1,0,888,NULL,NULL,NULL,277,NULL,NULL
732,"cooper webster",m,1,0,889,NULL,NULL,NULL,278,NULL,NULL
733,"kohen vo",f,10,0,891,NULL,NULL,NULL,NULL,NULL,2
734,"ismael weiss",f,1,1,892,NULL,NULL,NULL,NULL,265,NULL
735,"jenesis norton",m,4,0,893,NULL,NULL,NULL,NULL,NULL,2
736,"rafael garrett",f,1,1,894,NULL,NULL,NULL,NULL,266,NULL
737,"tadeo shepard",m,10,0,895,NULL,NULL,NULL,NULL,NULL,2
738,"cruz shaw",m,2,0,896,NULL,NULL,NULL,NULL,NULL,2
739,"macie griffin",m,6,1,897,NULL,NULL,NULL,NULL,267,NULL
740,"boone mathews",m,7,0,898,NULL,NULL,NULL,NULL,NULL,2
741,"oscar michael",m,8,1,899,NULL,NULL,NULL,NULL,268,NULL
742,"kody anderson",f,1,0,900,NULL,NULL,NULL,NULL,NULL,2
743,"amos petersen",m,5,0,901,NULL,NULL,NULL,NULL,NULL,2
744,"frederick houston",f,3,1,902,NULL,NULL,NULL,NULL,269,NULL
745,"lukas stark",m,9,0,903,NULL,NULL,NULL,NULL,NULL,2
746,"rowan castaneda",m,1,0,904,NULL,NULL,NULL,NULL,NULL,2
747,"lina poole",f,8,1,905,NULL,NULL,NULL,NULL,270,NULL
748,"connor murillo",m,5,1,906,NULL,NULL,NULL,NULL,277,NULL
749,"shelby stanley",f,6,0,907,NULL,NULL,NULL,NULL,NULL,2
750,"dior roth",m,5,1,908,NULL,NULL,NULL,NULL,271,NULL
751,"yosef charles",m,7,0,909,NULL,NULL,NULL,NULL,NULL,2
752,"saint vega",m,1,0,910,NULL,NULL,NULL,NULL,NULL,2
753,"briar rose",m,2,0,911,NULL,NULL,NULL,NULL,NULL,2
754,"shane crosby",f,8,0,912,NULL,NULL,NULL,NULL,NULL,2
755,"andi calderon",m,8,0,913,NULL,NULL,NULL,NULL,NULL,2
756,"cecelia gibson",m,3,0,914,NULL,NULL,NULL,NULL,NULL,2
757,"madalynn glover",f,5,0,915,NULL,NULL,NULL,NULL,NULL,2
758,"leon stein",m,7,0,916,NULL,NULL,NULL,NULL,NULL,2
759,"baylor brooks",f,1,0,917,NULL,NULL,NULL,NULL,NULL,2
760,"lexie bryan",f,1,1,918,NULL,NULL,NULL,NULL,272,NULL
761,"luella le",m,10,0,919,NULL,NULL,NULL,NULL,NULL,2
762,"sergio dejesus",f,10,1,920,NULL,NULL,NULL,NULL,273,NULL
763,"case skinner",m,2,0,921,NULL,NULL,NULL,NULL,NULL,2
764,"damir morrison",f,2,0,922,NULL,NULL,NULL,NULL,NULL,2
765,"kinsley combs",m,3,1,923,NULL,NULL,NULL,NULL,274,NULL
766,"patrick wade",f,8,0,924,NULL,NULL,NULL,NULL,NULL,2
767,"octavia briggs",m,9,1,925,NULL,NULL,NULL,NULL,290,NULL
768,"otis miller",m,6,1,926,NULL,NULL,NULL,NULL,275,NULL
769,"cadence guerra",m,1,0,927,NULL,NULL,NULL,NULL,NULL,2
770,"landry cooper",f,10,1,928,NULL,NULL,NULL,NULL,276,NULL
771,"adonis waller",f,6,0,929,NULL,NULL,NULL,NULL,NULL,2
772,"camden ingram",m,9,1,930,NULL,NULL,NULL,NULL,251,NULL
773,"genesis drake",f,6,1,931,NULL,NULL,NULL,NULL,289,NULL
774,"hayden grant",m,0,0,932,NULL,NULL,NULL,279,NULL,NULL
775,"keaton mcguire",f,0,0,933,NULL,NULL,NULL,280,NULL,NULL
776,"xander robbins",f,0,0,934,NULL,NULL,NULL,281,NULL,NULL
777,"charlie poole",f,0,0,935,NULL,NULL,NULL,282,NULL,NULL
778,"winnie matthews",m,0,0,936,NULL,NULL,NULL,283,NULL,NULL
779,"madisyn mccarthy",m,0,0,937,NULL,NULL,NULL,284,NULL,NULL
780,"calvin palacios",m,0,0,938,NULL,NULL,NULL,285,NULL,NULL
781,"talon mcmillan",m,0,0,939,NULL,NULL,NULL,286,NULL,NULL
782,"kabir gould",f,0,0,940,NULL,NULL,NULL,287,NULL,NULL
783,"kali marsh",f,0,0,941,NULL,NULL,NULL,288,NULL,NULL
784,"reece wilcox",f,0,0,942,NULL,NULL,NULL,289,NULL,NULL
785,"dariel weber",f,0,0,943,NULL,NULL,NULL,290,NULL,NULL
786,"mia barr",m,0,0,944,NULL,NULL,NULL,291,NULL,NULL
787,"gwendolyn knapp",f,0,0,945,NULL,NULL,NULL,292,NULL,NULL
788,"bianca richards",m,0,0,946,NULL,NULL,NULL,293,NULL,NULL
789,"charles nolan",m,0,0,947,NULL,NULL,NULL,294,NULL,NULL
790,"luca hanson",m,0,0,948,NULL,NULL,NULL,295,NULL,NULL
791,"stephen simon",m,0,0,949,NULL,NULL,NULL,296,NULL,NULL
792,"ander singleton",f,0,0,950,NULL,NULL,NULL,297,NULL,NULL
